external_id,title,short_title,description,category,tags,start_datetime,end_datetime,venue_title,venue_address,venue_lat,venue_lon,price_min,price_raw,is_free,age_restriction,image_url,site_url,source,parsed_at
225845,концерт «Сектор Газа: Летний фестиваль на крыше»,Сектор Газа: Летний фестиваль на крыше,"Вечер посвятят памяти Юрия Клинских — музыканта, чьё творчество стало символом целой эпохи. Со сцены прозвучат известные песни группы в исполнении её бывших участников и приглашённых артистов.",concert,"концерты, вечером, 18+, с друзьями, открытые площадки",2026-07-11 19:00,2026-07-11 19:00,площадка Roof Place,"Кожевенная линия, д. 30",59.92223649999991,30.25129300000042,3000,от 3000 до 18 000 рублей,False,18+,https://media.kudago.com/images/event/0d/d1/0dd1606d35d75fbc629b96fa0b8f8e36.jpg,https://kudago.com/spb/event/kontsert-sektor-gaza-letnij-festival-na-kryishe/,kudago,2026-07-11 18:36:51
225834,фестиваль «Питерлэнд на открытом воздухе» / Open Air Piterland,«Питерлэнд на открытом воздухе» / Open Air Piterland,Фестиваль под открытым небом соберёт поклонников электронной хаус-музыки. Гостей ждут танцы с видом на Финский залив.,"party, festival","ночью, билеты на kudago, вечеринки, 18+, фестивали, концерты на крыше, самые интересные события в городе, на свежем воздухе",2026-07-11 22:00,2026-07-12 06:00,ресторан «Савана» / Savana,"Приморский просп., д. 72",59.98171486892799,30.210278609638948,1500,от 1500 рублей,False,18+,https://media.kudago.com/images/event/1f/51/1f51cda42cf0118918d2b14ec9345699.jpg,https://kudago.com/spb/event/vecherinka-open-ejr-piterlend--open-air-piterland/,kudago,2026-07-11 18:37:10
225595,лекция «Мужская мода конца XIX — начала XX веков: от дендизма к современному костюму»,Мужская мода конца XIX — начала XX веков: от дендизма к современному костюму,"Лекция проследит, как мужская мода на рубеже XIX–XX веков пришла от дендизма и викторианской строгости к прообразу современного костюма. Через журналы, фотографии и живопись слушатели увидят, как промышленность, спорт, эстетизм и рост среднего класса меняли дресс-код, силуэт, повседневный стиль и представления о статусе.",education,"обучение, познавательно, мода, 16+, бесплатно, вечером, free",2026-07-12 17:00,2026-07-12 17:00,Центральная городская публичная библиотека имени Маяковского,"наб. реки Фонтанки, д. 44-46",59.932234,30.34429099999998,0,,True,16+,https://media.kudago.com/images/event/79/59/79594acfa88cd4ee3e4012cf02454e21,https://kudago.com/spb/event/lektsiya-muzhskaya-moda-kontsa-xix---nachala-xx-veka-ot-dendizma-k-sovremennomu-kostyumu/,kudago,2026-07-11 18:37:10
225839,концерт Олега Майами,Олег Майами,"Публику ждёт вечер громких хитов, ярких эмоций и танцев под открытым небом.",concert,"концерты, вечером, 16+, с друзьями, концерты на крыше, самые интересные события в городе, открытые площадки",2026-07-12 17:30,2026-07-12 17:30,площадка Roof Place,"Кожевенная линия, д. 30",59.92223649999991,30.25129300000042,500,от 500 до 10 990 рублей,False,16+,https://media.kudago.com/images/event/18/81/18818cbf76399ec8e0a09090e4117177.jpg,https://kudago.com/spb/event/kontsert-oleg-majami-iyul-2026/,kudago,2026-07-11 18:36:51
225582,"музыкально-литературная программа «О милое, души святое вспоминанье: поэзия Михаила Лермонтова на музыку Кирилла Агренева-Славянского»","О милое, души святое вспоминанье: поэзия Лермонтова на музыку Агренева-Славянского","Открытие ЛЕРМОНТОВ_ФЕСТ 2026 соединит поэзию Лермонтова, вокал, фортепиано и рассказ о композиторе Кирилле Агреневе-Славянском. Музыкально-литературный вечер даст услышать знакомые строки в иной интонации.",concert,"free, бесплатно, культура и искусство, вечером, концерты, стихи, 18+, фортепианная музыка",2026-07-13 19:00,2026-07-13 19:00,Центральная библиотека имени Лермонтова,"просп. Литейный, д. 19",59.94354800000001,30.34806399999999,0,,True,18+,https://media.kudago.com/images/event/6e/bc/6ebc3814486a57616d5a6528ec46006f.jpg,https://kudago.com/spb/event/muzyikalno-literaturnaya-programma-o-miloe-dushi-svyatoe-vspominane-poeziya-m-yu-lermontova-na-muzyiku-k-d-agreneva-slavyanskogo/,kudago,2026-07-11 18:36:51
225843,концерт «Цветы. Арии. Свечи»,Цветы. Арии. Свечи,Среди экзотической зелени и цветов Оранжереи Таврического сада прозвучат романтические арии в сопровождении рояля.,concert,"6+, концерты, вечером, самые интересные события в городе, билеты на kudago",2026-07-13 20:00,2026-07-13 20:00,Оранжерея Таврического сада,"ул. Шпалерная, д. 43",59.94754099999999,30.36885099999999,1000,от 1000 до 4000 рублей,False,6+,https://media.kudago.com/images/event/96/e6/96e6875506975c1188ad708c577ad2ee.jpg,https://kudago.com/spb/event/kontsert-tsvetyi-arii-svechi/,kudago,2026-07-11 18:36:51
225596,лекция «Город и наводнение. Стратегии противодействия и адаптации»,Город и наводнение. Стратегии противодействия и адаптации,"Лекция соединяет литературу и городское управление через тему наводнений. От «Медного всадника» до муниципальных планов слушатели увидят, как вода раскрывает уязвимость города, страх перед стихией, пределы защиты и способы превращать хаос в систему мер, ответственности, координации и городского опыта.",education,"лекции и мастер-классы, обучение, история, познавательно, 16+, бесплатно, вечером, free",2026-07-14 19:00,2026-07-14 19:00,Центральная городская публичная библиотека имени Маяковского,"наб. реки Фонтанки, д. 44-46",59.932234,30.34429099999998,0,,True,16+,https://media.kudago.com/images/event/65/96/659653d722d89525f9298433f4f55171,https://kudago.com/spb/event/lektsiya-gorod-i-navodnenie-strategii-protivodejstviya-i-adaptatsii/,kudago,2026-07-11 18:37:10
225584,лекция «Как не потерять себя среди других»,Как не потерять себя среди других,"Лекция помогает разобраться, где проходит граница между своим «я» и ожиданиями других людей. Через понятия идентичности, личных границ, треугольника Карпмана и социометрии Морено слушатели увидят, почему в команде можно терять опору и как твёрдость с гибкостью помогают оставаться собой в диалоге, работе и близком общении.",education,"лекции и мастер-классы, обучение, познавательно, 16+, вечером, психология, free",2026-07-14 19:00,2026-07-14 19:00,Библиотека роста и карьеры (БИРО),"Московский просп., д. 150",59.88506209999996,30.32052660000031,0,,True,16+,https://media.kudago.com/images/event/4d/59/4d59029025c71bb3db34d14dec84fb27.jpg,https://kudago.com/spb/event/lektsiya-kak-ne-poteryat-sebya-sredi-drugih/,kudago,2026-07-11 18:37:10
225590,лекция «Медицина — в массы. Здравоохранение в Невском районе XX века»,Медицина — в массы. Здравоохранение в Невском районе XX века,"Лекция музея «Невская застава» расскажет, как в XX веке менялось здравоохранение Невского района.",education,"лекции и мастер-классы, обучение, история, познавательно, 16+, бесплатно, культура и искусство, free",2026-07-15 18:00,2026-07-15 19:30,Библиотека «На Стремянной»,"ул. Стремянная, д. 20",59.93075100000001,30.353588,0,,True,16+,https://media.kudago.com/images/event/fc/1a/fc1a61f5c933ce70177d3dd7d28ce28e,https://kudago.com/spb/event/lektsiya-meditsina---v-massyi-zdravoohranenie-v-nevskom-rajone-xx-veka/,kudago,2026-07-11 18:37:10
225587,лекция «Не „Криком“ единым: искусство Норвегии от XIX века до наших дней»,Не «Криком» единым: искусство Норвегии от XIX века до наших дней,"Лекция расширяет привычный взгляд на искусство Норвегии: за пределами «Крика» Мунка здесь появляются сказочные миры Киттельсена, образы Веренщолля, национальная живопись и современные авторы.",education,"живопись, обучение, познавательно, 16+, бесплатно, вечером, культура и искусство, free",2026-07-15 18:30,2026-07-15 20:00,Открытая гостиная в Центральной библиотеке им. М. Ю. Лермонтова,"просп. Литейный, д. 19",59.94363800000001,30.347956,0,,True,16+,https://media.kudago.com/images/event/8c/36/8c363cf794d435567ecb9fc1802f5fc4.png,https://kudago.com/spb/event/lektsiya-ne-krikom-edinyim-iskusstvo-norvegii-ot-xix-veka-do-nashih-dnej/,kudago,2026-07-11 18:37:10
225597,"лекция «Библиотека как интерфейс: пользователь, пространство и доступ к знанию»","Библиотека как интерфейс: пользователь, пространство и доступ к знанию","Лекция покажет библиотеку как систему интерфейсов, где важны вход, навигация, цифровые сервисы и маршруты пользователя. Слушатели разберутся, как культурные институции управляют доступом к знанию, почему информация не бывает полностью нейтральной и что библиотека может рассказать о логике современных платформ.",education,"лекции и мастер-классы, обучение, познавательно, 16+, бесплатно, вечером, культура и искусство, free",2026-07-15 19:00,2026-07-15 20:45,Центральная городская публичная библиотека имени Маяковского,"наб. реки Фонтанки, д. 44-46",59.932234,30.34429099999998,0,,True,16+,https://media.kudago.com/images/event/8a/af/8aafae2647f1a2bf960887dfad1b9e18.jpg,https://kudago.com/spb/event/lektsiya-biblioteka-kak-interfejs-polzovatel-prostranstvo-i-dostup-k-znaniyu/,kudago,2026-07-11 18:37:10
225140,лекция «Архитектура наказания: „Кресты“ и другие тюрьмы Петербурга»,Архитектура наказания: «Кресты и другие тюрьмы Петербурга»,"Лекция разберёт петербургские места заключения как важные городские истории — от Петропавловской крепости до «Крестов», Литовского замка и «Бутылки» Новой Голландии.",education,"лекции и мастер-классы, обучение, познавательно, 18+, бесплатно, вечером, free",2026-07-15 19:00,2026-07-15 19:00,Библиотека друзей,"Московское, д. 2",59.84170650000019,30.32584909999973,0,,True,18+,https://media.kudago.com/images/event/59/64/5964d5c449d64867448d68f023a9fe03.jpg,https://kudago.com/spb/event/lektsiya-arhitektura-nakazaniya-krestyi-i-drugie-tyurmyi-peterburga/,kudago,2026-07-11 18:37:10
225572,лекция «Эмоциональная осознанность: путь к самопониманию»,Эмоциональная осознанность: путь к самопониманию,"Умение замечать свои чувства помогает лучше понимать реакции, напряжение и вспышки, которые часто кажутся внезапными. На лекции психолог Алина Мустафина разберёт, как называть эмоции без самокритики, видеть за привычными реакциями настоящие переживания и сохранять контакт с собой в сложные моменты бережно.",education,"лекции и мастер-классы, обучение, познавательно, 16+, бесплатно, психология, free",2026-07-16 18:30,2026-07-16 20:00,Библиотека на Карповке,"наб. реки Карповки, д. 28",59.969443,30.302429,0,,True,16+,https://media.kudago.com/images/event/0d/d6/0dd6ab0e073a134160edb12295a76bee.jpg,https://kudago.com/spb/event/lektsiya-emotsionalnaya-osoznannost-put-k-samoponimaniyu/,kudago,2026-07-11 18:37:10
225762,лекция «От мадригала Лермонтова до преклонения Дюма: Додо Ростопчина в кругу гениев»,От мадригала Лермонтова до преклонения Дюма: Додо Ростопчина в кругу гениев,"Имя Додо Ростопчиной возвращается в живой разговор о литературе XIX века. Лекция Ирины Тыхеевой соединит салонные интриги, поэзию, прозу и судьбы людей, рядом с которыми звучали Лермонтов и Дюма.",education,"лекции и мастер-классы, обучение, познавательно, 18+, бесплатно, вечером, культура и искусство, free",2026-07-16 19:00,2026-07-16 19:00,Центральная библиотека имени Лермонтова,"просп. Литейный, д. 19",59.94354800000001,30.34806399999999,0,,True,18+,https://media.kudago.com/images/event/7d/3e/7d3ebb699b6d07bed72da9c1f4f9ef18.jpg,https://kudago.com/spb/event/lektsiya-ot-madrigala-lermontova-do-prekloneniya-dyuma-dodo-rostopchina-v-krugu-geniev/,kudago,2026-07-11 18:37:10
225141,лекция «Два века ближней Рогатки»,Два века ближней Рогатки,"Как дорожная застава превратилась в заметный городской район, где следы классицизма соседствуют с советской архитектурой? Лекция расскажет историю Ближней Рогатки — от петровских заграждений и Московской заставы до современного округа, сохранившего память о старых «воротах города» и смене эпох.",education,"лекции и мастер-классы, обучение, познавательно, 16+, бесплатно, вечером, free",2026-07-16 19:00,2026-07-16 19:00,Библиотека друзей,"Московское, д. 2",59.84170650000019,30.32584909999973,0,,True,16+,https://media.kudago.com/images/event/b2/dd/b2dd8040ee2dd2be1d600e8fb096141d.jpg,https://kudago.com/spb/event/lektsiya-dva-veka-blizhnej-rogatki/,kudago,2026-07-11 18:37:10
225538,концерт «Дух и душа»,Дух и душа,"Редкое сочетание органа и дудука раскрывает знакомые произведения с неожиданной стороны. Вечер объединит классику, музыку кино и современные сочинения, в которых каждый инструмент сохранит уникальное звучание.",concert,"всей семьёй, 6+, культура и искусство, вечером, концерты, классическая музыка, органная музыка",2026-07-16 20:00,2026-07-16 20:00,Государственная академическая капелла Санкт-Петербурга,"наб. реки Мойки, д. 20",59.93996067496522,30.32089232977297,250,от 250 рублей,False,6+,https://media.kudago.com/images/event/3a/57/3a57b903e520e17e9024512fb7bbc635,https://kudago.com/spb/event/kontsert-duh-i-dusha/,kudago,2026-07-11 18:36:51
225765,показ фильма «Грани любви»,Грани любви,"«Грани любви» — киноальманах из 11 новелл о чувствах, собранных по мотивам русской классики. Лермонтов, Достоевский, Тургенев, Бунин, Чехов и другие авторы здесь звучат через экран.",cinema,"кинопоказы, романтичные места и события, 18+, культура и искусство, бесплатно, free, вечером",2026-07-17 19:00,2026-07-17 19:00,Центральная библиотека имени Лермонтова,"просп. Литейный, д. 19",59.94354800000001,30.34806399999999,0,,True,18+,https://media.kudago.com/images/event/2f/b2/2fb213c396a73e25651e92606c7668e6,https://kudago.com/spb/event/kinopokaz-grani-lyubvi-bdzefw/,kudago,2026-07-11 18:37:07
225526,концерт группы Truckdrivers,Truckdrivers,"Летний концерт для тех, кто любит громкие припевы, живую гитарную энергию и вечеринки.",concert,"потанцевать, гитарная музыка, концерты, вечером, с друзьями, 18+, веселье",2026-07-17 19:00,2026-07-17 19:00,Клуб «Жабль»,"ул. Маршала Говорова, д. 47",59.89957297784945,30.28987182936079,900,900 рублей,False,18+,https://media.kudago.com/images/event/63/a5/63a5977a070b53c14dc54d22736c4de5.png,https://kudago.com/spb/event/kontsert-gruppyi-truckdrivers/,kudago,2026-07-11 18:36:51
225415,шоу-концерт «Трибьют лесного шута»,Трибьют лесного шута,"Вечер ностальгического панк-рока, драйва и танцев с участием артистов петербургских мюзиклов.","concert, entertainment","развлечения, концерты, вечером, 16+, с друзьями, самые интересные события в городе, билеты на kudago",2026-07-17 20:30,2026-07-17 20:30,Клуб «Мани хани» / Money honey,"ул. Садовая, д. 28/30, корп. 13",59.929033,30.322471,1300,от 1300 до 2000 рублей,False,16+,https://media.kudago.com/images/event/fe/8a/fe8aa72394fca4187334f84a4453389a.jpg,https://kudago.com/spb/event/kontsert-tribyut-lesnogo-shuta/,kudago,2026-07-11 18:36:51
225598,лекция «Пусть будет скандал! Так и надо! Аркадий Аверченко и сатирическая журналистика начала XX века»,Пусть будет скандал! Так и надо! Аркадий Аверченко и сатирическая журналистика начала XX века,"Лекция перенесёт слушателей в Петербург начала XX века, где газеты и журналы задавали городскую повестку, а сатира становилась острым способом говорить о времени. В центре внимания — Аркадий Аверченко, «Сатирикон», «Новый Сатирикон» и шумная журнальная среда, в которой скандал работал как литературный приём.",education,"лекции и мастер-классы, выходные, обучение, познавательно, 16+, бесплатно, культура и искусство, free",2026-07-19 16:00,2026-07-19 17:30,Центральная городская публичная библиотека имени Маяковского,"наб. реки Фонтанки, д. 44-46",59.932234,30.34429099999998,0,,True,16+,https://media.kudago.com/images/event/1e/80/1e80be788bad00cd47b32ad278a176bd.jpg,https://kudago.com/spb/event/lektsiya-pust-budet-skandal-tak-i-nado-arkadij-averchenko-i-satiricheskaya-zhurnalistika-nachala-xx-veka/,kudago,2026-07-11 18:37:10
225599,лекция «Летний досуг в старом Петербурге: от дачи до кабаре»,Летний досуг в старом Петербурге: от дачи до кабаре,"Лекция расскажет, как петербуржцы проводили лето в старом городе и за его пределами: уезжали на дачи, собирались в кабаре, барах и кафе, гуляли по Луна-паркам, спортинг-паласам и увеселительным садам.",education,"лекции и мастер-классы, обучение, история быта, познавательно, 16+, бесплатно, вечером, free",2026-07-19 18:00,2026-07-19 18:00,Центральная городская публичная библиотека имени Маяковского,"наб. реки Фонтанки, д. 44-46",59.932234,30.34429099999998,0,,True,16+,https://media.kudago.com/images/event/53/c2/53c20b6e545e436531cc031ddb92e9d1.jpg,https://kudago.com/spb/event/lektsiya-letnij-dosug-v-starom-peterburge-ot-dachi-do-kabare/,kudago,2026-07-11 18:37:10
225766,музыкально-литературная программа «Вечер романтиков: путешествие из Австрии в Петербург»,Вечер романтиков: путешествие из Австрии в Петербург,Музыкально-литературный вечер свяжет австрийскую поэзию и петербургскую лермонтовскую линию в одном камерном сюжете.,"education, concert","free, бесплатно, культура и искусство, вечером, концерты, интересное, 18+, классическая музыка, познавательно, обучение",2026-07-20 19:00,2026-07-20 19:00,Центральная библиотека имени Лермонтова,"просп. Литейный, д. 19",59.94354800000001,30.34806399999999,0,,True,18+,https://media.kudago.com/images/event/84/7f/847f1355d83572f07205ef14b06fdf52,https://kudago.com/spb/event/muzyikalno-literaturnaya-programma-vecher-romantikov-puteshestvie-iz-avstrii-v-peterburg/,kudago,2026-07-11 18:36:51
225585,лекция «Как справляться со стрессом и тревогой во времена неопределённости»,Как справляться со стрессом и тревогой во времена неопределённости,"Лекция разберёт, как распознавать стрессовое состояние и поддерживать себя в периоды неопределённости. Слушатели узнают о телесных реакциях на напряжение, простых практиках дыхания и релаксации, роли творчества в восстановлении, а также познакомятся с билатеральной стимуляцией и её применением в психотерапии.",education,"лекции и мастер-классы, обучение, познавательно, 16+, бесплатно, психология, free",2026-07-21 10:20,2026-07-21 10:20,Библиотека роста и карьеры (БИРО),"Московский просп., д. 150",59.88506209999996,30.32052660000031,0,,True,16+,https://media.kudago.com/images/event/fe/03/fe039fd7e98749d64170b63b4209a2e2.jpg,https://kudago.com/spb/event/lektsiya-kak-spravlyatsya-so-stressom-i-trevogoj-vo-vremena-neopredelennosti/,kudago,2026-07-11 18:37:10
225768,фестиваль «День Абхазии»,День Абхазии,"Абхазская культура раскроется через поэзию Лермонтова, выставочный рассказ, музыку и танец. В программе — чтение классика на абхазском языке, знакомство с альбомом о его следе в литературе Абхазии и встреча с традицией, где память, язык, история и живое исполнение складываются в цельный праздничный сюжет.","exhibition, concert, festival","free, бесплатно, выставки, культура и искусство, концерты, стихи, интересное, 18+, познавательно, фестивали",2026-07-21 12:00,2026-07-21 15:00,Центральная библиотека имени Лермонтова,"просп. Литейный, д. 19",59.94354800000001,30.34806399999999,0,,True,18+,https://media.kudago.com/images/event/1f/4b/1f4bb925c044120649b19a922a1ba3dc.jpg,https://kudago.com/spb/event/festival-den-abhazii/,kudago,2026-07-11 18:36:51
225774,"лекция «Судьба, свобода и ответственность»","Судьба, свобода и ответственность","Психолог Дарья Корх разберёт, как человек сталкивается с идеей судьбы, ощущением свободы и личной ответственностью за выбор.",education,"лекции и мастер-классы, обучение, познавательно, 16+, бесплатно, вечером, психология, free",2026-07-21 18:30,2026-07-21 18:30,Библиотека на Карповке,"наб. реки Карповки, д. 28",59.969443,30.302429,0,,True,16+,https://media.kudago.com/images/event/5a/8c/5a8c68fde693d6894402b0294b06ef5d.jpg,https://kudago.com/spb/event/lektsiya-sudba-svoboda-i-otvetstvennost/,kudago,2026-07-11 18:37:10
225600,лекция «Астрахань. Блеск и нищета каспийской столицы»,Астрахань. Блеск и нищета каспийской столицы,"Лекция покажет Астрахань как город контрастов: ханское прошлое, кремль XVI века, купеческие дома, модерн, восточные торговые дворы, дельта Волги, знаменитая рыба и следы исторического центра.",education,"лекции и мастер-классы, обучение, познавательно, 16+, бесплатно, вечером, интересное, free",2026-07-21 19:00,2026-07-21 19:00,Центральная городская публичная библиотека имени Маяковского,"наб. реки Фонтанки, д. 44-46",59.932234,30.34429099999998,0,,True,16+,https://media.kudago.com/images/event/c6/e5/c6e54db6218adadc43a3311475adb6d7,https://kudago.com/spb/event/lektsiya-astrahan-blesk-i-nischeta-kaspijskoj-stolitsyi/,kudago,2026-07-11 18:37:10
225770,лекция «Свадебные традиции России и мира»,Свадебные традиции России и мира,Свадебные обряды окажутся живым кодом культуры: от старославянских знаков в современной церемонии до битья посуды в Германии и ритуального плача в Китае.,education,"обучение, познавательно, 16+, бесплатно, в свободное время, традиции, free",2026-07-22 15:00,2026-07-22 15:00,Центральная библиотека имени Лермонтова,"просп. Литейный, д. 19",59.94354800000001,30.34806399999999,0,,True,16+,https://media.kudago.com/images/event/a3/0f/a30f4740951b34ae31ccfd14baab1730.jpg,https://kudago.com/spb/event/lektsiya-svadebnyie-traditsii-rossii-i-mira/,kudago,2026-07-11 18:37:10
225537,концерт «Ритмы джаза»,Ритмы джаза,"Ансамбль «Симфоник брасс» превращает джазовую классику в летний поток блеска, ритма и энергии.",concert,"всей семьёй, 6+, культура и искусство, вечером, концерты, с друзьями, классика джаза",2026-07-22 20:00,2026-07-22 20:00,Государственная академическая капелла Санкт-Петербурга,"наб. реки Мойки, д. 20",59.93996067496522,30.32089232977297,250,от 250 до 1000 рублей,False,6+,https://media.kudago.com/images/event/05/48/054877b76dd9b05431967d7fddb083f7.jpg,https://kudago.com/spb/event/kontsert-ritmyi-dzhaza-rq61yg/,kudago,2026-07-11 18:36:51
225539,концерт «Сказки старой Шотландии»,Сказки старой Шотландии,"Орган и шотландская волынка соединятся в программе с кельтскими легендами, традиционными мелодиями Британских островов и музыкой европейских авторов.",concert,"всей семьёй, 6+, культура и искусство, вечером, концерты, интересное, органная музыка",2026-07-23 20:00,2026-07-23 20:00,Государственная академическая капелла Санкт-Петербурга,"наб. реки Мойки, д. 20",59.93996067496522,30.32089232977297,250,от 250 до 1000 рублей,False,6+,https://media.kudago.com/images/event/6b/fc/6bfcc5208bb70767bea553487e11dd84.jpg,https://kudago.com/spb/event/kontsert-skazki-staroj-shotlandii/,kudago,2026-07-11 18:36:51
225603,лекция «Шить сарафаны и лёгкие платья из ситца: костюм в фильмах о лете»,Шить сарафаны и лёгкие платья из ситца: костюм в фильмах о лете,"Лекция разберёт летнее кино через костюмы героев: ситцевые платья, кеды для путешествий, зелёный шифон, купальники и другие детали.",education,"лекции и мастер-классы, обучение, познавательно, 18+, бесплатно, вечером, культура и искусство, free",2026-07-24 19:30,2026-07-24 19:30,библиотека «Охта-8»,"Большеохтинский просп., д. 8",59.95116799999995,30.40919510000004,0,,True,18+,https://media.kudago.com/images/event/67/fb/67fbd48581bc4d83428689f016234857.jpg,https://kudago.com/spb/event/lektsiya-shit-sarafanyi-i-legkie-platya-iz-sittsa-kostyum-v-filmah-o-lete/,kudago,2026-07-11 18:37:10
225601,"лекция и мастер-класс «Лица, действия, слова»","Лица, действия, слова","Лекция и мастер-класс помогут авторам оживить диалоги и уйти от ощущения «говорящих голов». Участники разберут, как характер героя влияет на его реакции, слова и интонации, зачем диалог нужен сюжету и как через реплики передавать конфликт, настроение сцены, внутреннюю логику персонажей и движение текста.",education,"обучение, творчество, познавательно, 16+, бесплатно, вечером, культура и искусство, free",2026-07-25 18:30,2026-07-25 18:30,Центральная городская публичная библиотека имени Маяковского,"наб. реки Фонтанки, д. 44-46",59.932234,30.34429099999998,0,,True,16+,https://media.kudago.com/images/event/57/a0/57a0f2c338c974acdd2c14d75f4998c2,https://kudago.com/spb/event/lektsiya-i-master-klass-litsa-dejstviya-slova/,kudago,2026-07-11 18:37:10
225540,концерт «Завершение 81 сезона Губернаторского симфонического оркестра Санкт-Петербурга»,Завершение 81 сезона Губернаторского симфонического оркестра Санкт-Петербурга,Финальный аккорд сезона прозвучит в музыке Александра Скрябина — от тонкой оркестровой прелюдии до фортепианного концерта и Третьей симфонии.,concert,"симфонический оркестр, скрипка, 6+, культура и искусство, вечером, концерты, фортепианная музыка",2026-07-25 19:00,2026-07-25 19:00,Государственная академическая капелла Санкт-Петербурга,"наб. реки Мойки, д. 20",59.93996067496522,30.32089232977297,800,от 800 до 1200 рублей,False,6+,https://media.kudago.com/images/event/ca/e8/cae88c89bc99f12ce8d6c691fa580941.jpg,https://kudago.com/spb/event/kontsert-zavershenie-81-go-sezona-gubernatorskogo-simfonicheskogo-orkestra-sankt-peterburga/,kudago,2026-07-11 18:36:51
225682,концерт «Рейв на крыше с симфоническим оркестром»,Рейв на крыше с симфоническим оркестром,Живой оркестр и ураганный рейв соединятся под открытым небом у Финского залива. Музыканты и диджей исполнят культовую электронную музыку разных десятилетий.,concert,"это лето, концерты, 18+, концерты на крыше, самые интересные события в городе, билеты на kudago",2026-07-25 23:00,2026-07-26 01:00,площадка Roof Place,"Кожевенная линия, д. 30",59.92223649999991,30.25129300000042,1900,от 1900 до 6000 рублей,False,18+,https://media.kudago.com/images/event/d2/c7/d2c7746ea6d34106cd72611d227cacd6.jpg,https://kudago.com/spb/event/kontsert-rejv-na-kryishe-s-simfonicheskim-orkestrom/,kudago,2026-07-11 18:36:51
225353,фестиваль коммуникации «Взаимно.Фест»,Взаимно.Фест,"«Взаимно.Фест» — фестиваль уникального формата для тех, кто устал от поверхностного общения и хочет научиться выстраивать прочные отношения — с друзьями, с коллегами, в паре, в семье. Более 20 экспертов проведут практические мастер-классы, в том числе коммуникативные игры, документальный театр, танец, импровизацию.","education, festival","психология, с друзьями, выходные, знакомства, обучение, познавательно, 18+, фестивали, клубы по интересам",2026-07-26 12:00,2026-07-26 22:00,Многофункциональное пространство АТС,"ул. Некрасова, д. 3-5",59.93851819999985,30.35154359999982,2900,от 2900 рублей,False,18+,https://media.kudago.com/images/event/3f/c6/3fc6c8ef91a2d09334aeb88e375f905c.jpg,https://kudago.com/spb/event/obuchenie-vzaimnofest/,kudago,2026-07-11 18:37:10
225849,концерт «Lady Gaga в исполнении оркестра»,Lady Gaga в исполнении оркестра,Хиты «королевы эпатажа» исполнит струнный оркестр Hard Rock Orchestra.,concert,"концерты, вечером, 12+, самые интересные события в городе, билеты на kudago",2026-07-26 16:00,2026-07-26 16:00,клуб «Саунд»,"Кожевенная линия, д. 40, лит. Б",59.924172,30.240778,1400,от 1400 до 5000 рублей,False,12+,https://media.kudago.com/images/event/df/8a/df8a1fa3c1bb9d70b9379208e3881537.jpg,https://kudago.com/spb/event/kontsert-lady-gaga-v-ispolnenii-orkestra/,kudago,2026-07-11 18:36:51
225602,лекция «Мужская мода середины XX века — конца XX веков: от послевоенного стиля к минимализму»,Мужская мода середины XX века — конца XX веков: от послевоенного стиля к минимализму,"Лекция проследит, как мужской гардероб второй половины XX века менялся под влиянием послевоенного быта, джинсов, кино, спорта, поп-культуры и молодёжных движений. Слушатели увидят путь от строгого костюма к казуальному стилю, брендам, дизайнерским экспериментам, минимализму и новому языку повседневности.",education,"обучение, познавательно, мода, 16+, бесплатно, вечером, free",2026-07-26 17:00,2026-07-26 17:00,Центральная городская публичная библиотека имени Маяковского,"наб. реки Фонтанки, д. 44-46",59.932234,30.34429099999998,0,,True,16+,https://media.kudago.com/images/event/f4/e9/f4e96947b7325122ad2d9ce6ccd01439,https://kudago.com/spb/event/lektsiya-muzhskaya-moda-seredinyi-xx-veka-do-kontsa-xx-veka-ot-poslevoennogo-stilya-k-minimalizmu/,kudago,2026-07-11 18:37:10
225816,иммерсивное шоу «Аврора» в Загородном клубе «Репино-Ленинское»,Аврора,"Уникальное шоу, созданное специально для Загородного клуба «Репино-Ленинское», соединяет прошлое и настоящее. Зрителей ждёт трогательная история любви на фоне героических событий, связанных с русским флотом.","theater, entertainment","с девушкой, интерактивный спектакль, 16+, шоу, спектакли, лето, развлечения, с парнем, загородные рестораны, вечером",2026-07-26 20:00,2026-07-26 20:00,Загородный клуб «Репино-Ленинское»,"Ленинградская обл., п. Ленинское, ул. Советская, д. 171",60.19709387786851,29.85455584905833,0,,False,16+,https://media.kudago.com/images/event/f1/d4/f1d4089460c8e0a69127ac570c5f4843.jpg,https://kudago.com/spb/event/teatr-avrora/,kudago,2026-07-11 18:37:01
225771,семинар «Эгоцентризм — корень наших проблем»,Эгоцентризм — корень наших проблем,"Эгоцентризм здесь рассматривают через повседневные реакции — жалость к себе, гордыню, обиды и требовательность. Семинар поможет заметить, как внимание застревает на собственных переживаниях, и аккуратно перевести разговор к поддержке других и честному самоанализу.",education,"тренинги и семинары, обучение, познавательно, 18+, бесплатно, free, психология, утро",2026-07-29 11:00,2026-07-29 12:30,Центральная библиотека имени Лермонтова,"просп. Литейный, д. 19",59.94354800000001,30.34806399999999,0,,True,18+,https://media.kudago.com/images/event/3d/17/3d17ccb3edeb800fc11e98331b82fcfb.jpg,https://kudago.com/spb/event/seminar-egotsentrizm---koren-nashih-problem/,kudago,2026-07-11 18:37:10
225541,концерт «Золотая эпоха свинга»,Золотая эпоха свинга,"Оркестр Виолетты Потаповой и её оркестра возвращает слушателей к раннему свингу 1930–1940-х. Редкий для российской сцены стиль прозвучит живо, легко и танцевально.",concert,"6+, культура и искусство, саксофон, вечером, концерты, интересное, классика джаза",2026-07-29 20:00,2026-07-29 20:00,Государственная академическая капелла Санкт-Петербурга,"наб. реки Мойки, д. 20",59.93996067496522,30.32089232977297,250,от 250 до 1000 рублей,False,6+,https://media.kudago.com/images/event/85/85/858532003682cb27d9e0a1c2249e69f1.jpg,https://kudago.com/spb/event/kontsert-zolotaya-epoha-svinga/,kudago,2026-07-11 18:36:51
225542,концерт «Орган по-русски»,Орган по-русски,"Екатерина Мельникова покажет орган через русскую музыкальную традицию — красочную, душевную и живую.",concert,"всей семьёй, 6+, культура и искусство, вечером, концерты, классическая музыка, органная музыка",2026-07-30 20:00,2026-07-30 20:00,Государственная академическая капелла Санкт-Петербурга,"наб. реки Мойки, д. 20",59.93996067496522,30.32089232977297,250,от 250 до 1000 рублей,False,6+,https://media.kudago.com/images/event/ba/41/ba414752d348367810c3d7f490dcfcdb.jpg,https://kudago.com/spb/event/kontsert-organ-po-russki/,kudago,2026-07-11 18:36:51
225772,мастер-класс «Агамограф»,Агамограф,"На мастер-классе участники соберут агамограф — оптическую картинку, которая меняется при взгляде с разных сторон. Простая техника превращает бумагу в маленький визуальный фокус.",education,"обучение, творчество, познавательно, 18+, бесплатно, free, интересное, утро",2026-07-31 11:00,2026-07-31 11:00,Центральная библиотека имени Лермонтова,"просп. Литейный, д. 19",59.94354800000001,30.34806399999999,0,,True,18+,https://media.kudago.com/images/event/18/33/1833474b8eec3aaf865748df7a01458d.jpg,https://kudago.com/spb/event/master-klass-agamograf/,kudago,2026-07-11 18:37:10
225684,фестиваль «Питер Мото Фест»,Питер Мото Фест,"Новый мотофестиваль — шаг к переосмыслению образа мотоциклистов. Он показывает, что мотокультура давно вышла за рамки стереотипов, став современным, технически изысканным, доступным и вдохновляющим увлечением.","exhibition, festival, recreation","активный отдых, с девушкой, экстремальный спорт, клубы по интересам, спортивный праздник, в свободное время, 18+, фестивали, выставки, мотоциклы, с парнем, транспорт",2026-07-31 18:00,2026-08-02 20:00,конгрессно-выставочный центр «ЭКСПОФОРУМ»,"Петербургское ш., д.64/1",59.76099882742472,30.35076140935018,2550,от 2550 руб.,False,18+,https://media.kudago.com/images/event/9b/f0/9bf03c0f541b2c5a1259e6b5360d5dba.jpg,https://kudago.com/spb/event/festival-piter-moto-fest/,kudago,2026-07-11 18:37:10
225840,фестиваль «Музыка мира. Сад»,Музыка мира. Сад,"Этнические мелодии зазвучат по-новому, объединяя традиции разных народов с современными музыкальными направлениями. Гостей ждут концерты, творческие занятия и знакомство с редкими инструментами.",festival,"выходные с детьми, музыкальные фестивали, 6+, открытые площадки, фестивали, самые интересные события в городе",2026-08-01 15:00,2026-08-01 22:00,Шереметевский дворец,"наб. реки Фонтанки, д. 34",59.936471,30.345486,600,от 600 до 3000 рублей,False,6+,https://media.kudago.com/images/event/e1/d6/e1d6982906f298fc8b8864ed77d8a2fb.jpg,https://kudago.com/spb/event/festival-muzyika-mira-sad/,kudago,2026-07-11 18:37:10
225638,концерт-сказка с органом и песочной анимацией «Муми-тролли. Шляпа волшебника»,Муми-тролли. Шляпа волшебника,"Истории о муми-троллях оживут в песочной анимации под мелодии европейских композиторов, исполненные на старинном церковном органе.","kids, concert","выходные с детьми, 6+, концерты, детям, классическая музыка, органная музыка, новое на сайте, бах",2026-08-02 17:00,2026-08-02 17:00,Петрикирхе — кафедральный собор Святых Петра и Павла,"просп. Невский, д. 22–24",59.9369686346603,30.32392776776936,1000,от 1000 до 2400 рублей,False,6+,https://media.kudago.com/images/event/e5/4f/e54f7ced5bb5f3b2bd8319d2a4d31e45.jpg,https://kudago.com/spb/event/kontsert-mumi-trolli-shlyapa-volshebnika/,kudago,2026-07-11 18:36:51
225648,концерт «Уитни Хьюстон и Тина Тёрнер». Джазовый трибьют под звездами»,Уитни Хьюстон и Тина Тёрнер. Джазовый трибьют под звездами,"Вечер посвящён музыке, которая пережила десятилетия. Под звёздами прозвучат самые известные композиции великих певиц XX века в джазовом прочтении.",concert,"6+, концерты, вечером, самые интересные события в городе, билеты на kudago",2026-08-07 21:00,2026-08-07 21:00,Петербургский планетарий,"Александровский парк, д. 4",59.955189160054516,30.31147533596775,1300,от 1300 до 2500 рублей,False,6+,https://media.kudago.com/images/event/79/18/7918a7b7d422fe8010f74e3133a48631.jpg,https://kudago.com/spb/event/kontsert-whitney-houston-i-tina-turner-dzhazovyij-tribyut-pod-zvezdami/,kudago,2026-07-11 18:36:51
225641,3 этап Чемпионата России «Формула-4» SMP F4,Формула-4 SMP F4,"Сезон формульных гонок в России в самом разгаре! Третий этап пройдёт 8-9 августа на автодроме «Игора Драйв», зрителей ждут баталии лучших пилотов страны на трассе и развлекательная программа.","stock, festival, entertainment","спорт, экстремальный спорт, выходные, автомобили, в свободное время, всей семьёй, фестивали, спортивный праздник, акции и скидки, развлечения",2026-08-08 10:00,2026-08-09 20:00,автодром «Игора Драйв»,"Ленинградская обл., Приозерское ш., д. 3, корп. 5",60.51263189059304,30.20061135292333,3500,от 3500 до 7000 руб.,False,0,https://media.kudago.com/images/event/d7/c5/d7c57729e6b4d1c731a1a74e7bfcdfd7.jpg,https://kudago.com/spb/event/festival-formula-4-smp-f4/,kudago,2026-07-11 18:37:10
224816,фестиваль Tribute City Fest,Tribute City Fest,"Яркие трибьют-группы исполнят музыку Rammstein, Linkin Park, The Prodigy и других звёзд мировой сцены.","concert, festival","это лето, концерты, 18+, самые интересные события в городе, фестивали, билеты на kudago",2026-08-09 15:00,2026-08-09 22:00,МУЗ ПОРТ,"пл. Морской славы, 1",59.92592450000004,30.235665099999753,1000,от 1000 до 1800 рублей,False,18+,https://media.kudago.com/images/event/c8/23/c8233c9806483231754a8c6dfb3154ce.jpg,https://kudago.com/spb/event/kontsert-tribute-city-fest/,kudago,2026-07-11 18:36:51
225052,спектакль «Свидание на четверых»,Свидание на четверых,"Один отложенный рейс запускает череду смешных и трогательных событий в номере провинциальной гостиницы... Так начнётся история о людях, которые никогда не должны были встретиться.",theater,"лучшее в театрах, комедия положений, промокод, 16+, спектакли, скидки, акции, распродажи",2026-08-21 19:00,2026-08-21 19:00,Санкт-Петербургский Дворец культуры железнодорожников,"ул. Тамбовская, д. 63",59.90923800000002,30.35137899999999,1200,1200 рублей,False,16+,https://media.kudago.com/images/event/ce/ce/ceced44a387b47e5888d74a8d5ec20c6.jpg,https://kudago.com/spb/event/teatr-svidanie-na-chetveryih-avgust-2026/,kudago,2026-07-11 18:37:01
225485,концерт «Караоке с оркестром»,Караоке с оркестром,Зрители станут частью огромного хора и споют рок-хиты в сопровождении оркестра RockestraLive.,concert,"концерты, вечером, 12+, самые интересные события в городе, билеты на kudago",2026-08-28 19:00,2026-08-28 19:00,концертный зал «Аврора»,"Пироговская наб., д.5/2",59.957602,30.340635,2000,от 2000 до 6500 рублей,False,12+,https://media.kudago.com/images/event/ea/d5/ead53419d129c54831adfc0ed7ff9844.jpg,https://kudago.com/spb/event/kontsert-karaoke-s-orkestrom-avgust-2026/,kudago,2026-07-11 18:36:51
225773,лекция «Одевая Болливуд: индийское кино и его костюм»,Одевая Болливуд: индийское кино и его костюм,"Болливудский костюм на лекции станет ключом к истории индийского кино — от немых фильмов и первых звуковых картин до городских ковбоев, мокрых сари и футуристической брони.",education,"лекции и мастер-классы, обучение, 18+, бесплатно, вечером, культура и искусство, free",2026-08-28 19:30,2026-08-28 19:30,библиотека «Охта-8»,"Большеохтинский просп., д. 8",59.95116799999995,30.40919510000004,0,,True,18+,https://media.kudago.com/images/event/ff/fb/fffb7381bc33abdfbe37014d5ecd05b5.jpg,https://kudago.com/spb/event/lektsiya-odevaya-bollivud-indijskoe-kino-i-ego-kostyum/,kudago,2026-07-11 18:37:10
225051,спектакль «Папа в паутине»,Папа в паутине,"Паутина лжи таксиста-двоежёнца обретает новый виток. Юмор, абсурдные ситуации и неожиданные повороты сюжета — зрителей ждёт комедия о двойной жизни, которая внезапно пошла не по плану.",theater,"лучшее в театрах, комедия положений, промокод, скидки на билеты в театр и специальные предложения, спектакли, 18+, скидки, акции, распродажи",2026-09-12 19:00,2026-09-12 19:00,Санкт-Петербургский Дворец культуры железнодорожников,"ул. Тамбовская, д. 63",59.90923800000002,30.35137899999999,1200,от 1200 рублей,False,18+,https://media.kudago.com/images/event/dc/1e/dc1ea908402d49a413bd81b16a6770fe.jpg,https://kudago.com/spb/event/teatr-papa-v-pautine-sentyabr-2026/,kudago,2026-07-11 18:37:01
224490,цифровое симфоническое шоу «ИИ»,ИИ,"Сможет ли искусственный интеллект заменить живого артиста? О роли человека в искусстве, любви и вдохновении рассказывает новый мультижанровый спектакль с участием звёзд Мариинского и Михайловского театров и лауреатов премии «Онегин».","theater, festival, entertainment","лучшее в театрах, шоу, майские праздники, спектакли, в свободное время, мультимедиа, фестивали, развлечения, 12+, симфонический оркестр, вечером",2026-09-26 19:00,2026-09-26 19:00,площадка «Лахта Холл»,"Приморский пр., д. 80",59.989,30.188523,1750,от 1750 до 10 000 руб.,False,12+,https://media.kudago.com/images/event/29/76/297693b37df3a88452555f27cdbcadac.jpg,https://kudago.com/spb/event/teatr-shou-ii/,kudago,2026-07-11 18:37:01
225054,спектакль «Всё о мужчинах»,Всё о мужчинах,"Что волнует современных мужчин, о чём они разговаривают, что их ломает и собирает воедино? Постановка Якова Ломкина не открывает секретов, но помогает понять мужскую душу. И всё это через остроумные диалоги, трогательный сюжет и хорошую музыку.",theater,"лучшее в театрах, комедия положений, промокод, спектакли, 18+, скидки, акции, распродажи",2026-12-24 19:00,2026-12-24 19:00,Санкт-Петербургский Дворец культуры железнодорожников,"ул. Тамбовская, д. 63",59.90923800000002,30.35137899999999,1200,от 1200 рублей,False,18+,https://media.kudago.com/images/event/64/58/6458d87f6040f551c5ca68df34b526b9.jpg,https://kudago.com/spb/event/teatr-vsyo-o-muzhchinah-dekabr-2026/,kudago,2026-07-11 18:37:01
